user_id,name,email,phone
1,Tabitha King,user1@example.com,001-448-662-7039x21722
2,Jacqueline Hall,user2@example.com,5517701873
3,Angela Smith PhD,user3@example.com,362-695-2543
4,Chelsea Church,user4@example.com,4238411742
5,Katherine Torres,user5@example.com,753-800-9853x242
6,Karen Mccann,user6@example.com,(530)758-1224x562
7,Robin Wolf,user7@example.com,782-989-0625x2562
8,Alexander Harvey,user8@example.com,001-701-727-6885
9,Kaitlyn Kelley,user9@example.com,4774371674
10,Dana Bell DVM,user10@example.com,439-532-1679
11,Faith Vasquez,user11@example.com,001-245-700-8718x653
12,Julie Ashley,user12@example.com,797.649.3896
13,Linda Jacobson,user13@example.com,+1-988-456-8966x7202
14,Jamie Moyer,user14@example.com,(883)966-6634
15,Jennifer Lee,user15@example.com,(270)712-7937
16,Joshua Ware,user16@example.com,261.834.6475x93751
17,Tara Acosta MD,user17@example.com,(410)229-9544x5416
18,Whitney Torres,user18@example.com,440.834.2864x224
19,Diane Nicholson,user19@example.com,(872)818-4086x526
20,Johnny Mayer,user20@example.com,836.524.3564
21,David Coleman,user21@example.com,(472)279-0954
22,Debra Foster,user22@example.com,001-999-813-7929x2592
23,Jennifer Richmond PhD,user23@example.com,001-776-557-5101
24,Megan Farmer,user24@example.com,517.506.4999x126
25,Tracy Garrison,user25@example.com,(785)866-5518
26,Tiffany Thornton,user26@example.com,986-336-9579
27,Timothy Herman,user27@example.com,+1-256-313-7071x465
28,Christopher Garcia,user28@example.com,(265)644-3623x0603
29,Jessica Estrada,user29@example.com,001-511-860-4783x31556
30,Jonathan Burns,user30@example.com,518.670.2104
31,Sean Moore II,user31@example.com,438-304-0342
32,William West,user32@example.com,001-819-466-7043x069
33,Ashley Diaz,user33@example.com,(353)507-5521x2413
34,Kristen Young,user34@example.com,753-986-2048
35,Alex Richard,user35@example.com,648-815-4979
36,Jennifer Ruiz,user36@example.com,(663)300-5736x847
37,Brandon Ward,user37@example.com,469.479.2997x05597
38,Ryan Ho,user38@example.com,8259013205
39,Melanie Burns,user39@example.com,(913)881-0451
40,Jacqueline Gentry,user40@example.com,660.525.2505
41,Angela Rangel,user41@example.com,+1-680-658-1041x384
42,Kent Jones,user42@example.com,879-707-3721x45712
43,Mckenzie Mckay,user43@example.com,(580)810-9537x2045
44,Jeremy Robinson,user44@example.com,917.854.7364x311
45,Teresa Miller,user45@example.com,9642017519
46,Dakota Lopez DDS,user46@example.com,+1-228-756-3145x914
47,Barbara Macdonald,user47@example.com,001-735-705-8206x74568
48,Victoria Murray,user48@example.com,913-937-3349x12578
49,Robert Perry,user49@example.com,3973455053
50,Wayne Huff,user50@example.com,(224)976-5058x1839
51,Manuel Jennings,user51@example.com,932.205.1440
52,Lisa Wise,user52@example.com,323-498-2067x82806
53,Connie Hammond,user53@example.com,+1-259-835-0495x194
54,Michael Thompson,user54@example.com,9112372360
55,Tonya Haynes,user55@example.com,761.608.7210
56,Marcus Campbell,user56@example.com,+1-283-640-7396x246
57,Jeanne Aguilar,user57@example.com,611.539.2450x4106
58,Gregory Arias,user58@example.com,853.317.7372x3614
59,Sarah Williams,user59@example.com,703-982-4053x65178
60,Taylor Johnson,user60@example.com,001-969-784-1445
61,Michael Pena,user61@example.com,(880)527-7666x3413
62,Laurie Hunt,user62@example.com,+1-658-309-5552
63,Jerry Jennings,user63@example.com,+1-464-789-8612
64,Alice Valdez,user64@example.com,327-886-4029
65,Christina Luna,user65@example.com,221-655-2405
66,Jennifer Bray MD,user66@example.com,878.219.4829x8914
67,Lauren Nichols,user67@example.com,(813)474-8965
68,Sean Anthony,user68@example.com,001-550-692-5348
69,Dawn Taylor,user69@example.com,909-395-9314x86040
70,Kristen Gonzales,user70@example.com,2869623912
71,Erin Nelson,user71@example.com,328.619.5002x79870
72,Mark Bryant,user72@example.com,001-854-888-4187x97858
73,Kathryn Jefferson,user73@example.com,4432380585
74,Catherine Tran,user74@example.com,597-408-5818x8062
75,Steven Lee,user75@example.com,001-829-647-9591x66702
76,Katherine Alvarez,user76@example.com,810.544.3729
77,Robert Martinez,user77@example.com,(748)823-7767
78,Susan Nelson,user78@example.com,(544)936-4061
79,Gregory Rivers DDS,user79@example.com,769.559.9062
80,Joseph Villanueva,user80@example.com,(211)840-9031x99082
81,Jennifer Lawrence,user81@example.com,(524)576-2507
82,Angela Rice,user82@example.com,+1-523-393-0235x87778
83,Michael Dorsey,user83@example.com,312-682-2502
84,Kelly Johnson,user84@example.com,392-455-6624x40900
85,Anna Tanner,user85@example.com,3902725618
86,Brandon Porter,user86@example.com,966-294-4790x57983
87,Dean Robinson,user87@example.com,001-538-819-8216x042
88,Andrew White,user88@example.com,427-726-8509x7732
89,Raven Dougherty,user89@example.com,001-918-792-3775x4730
90,Kimberly Harvey,user90@example.com,(864)947-1142x294
91,Angela Duran,user91@example.com,(595)239-3279
92,Christopher Soto,user92@example.com,787-898-1583x2206
93,Tammy Matthews,user93@example.com,001-491-693-4533x36046
94,Jordan Castillo,user94@example.com,298-474-7077
95,Amber Watson,user95@example.com,845.409.9413
96,Joseph Golden,user96@example.com,(945)464-9208
97,Jennifer Cervantes,user97@example.com,+1-748-305-5604x29039
98,Karen Mendez,user98@example.com,+1-225-380-7242x49344
99,Richard Willis,user99@example.com,960.805.6932
100,Emily Russell,user100@example.com,001-859-425-0482x60169
101,Robert Pearson,user101@example.com,001-201-546-3427
102,Caitlin Vaughan,user102@example.com,596.661.9826
103,Stephanie Benson,user103@example.com,9874077001
104,Paula Dominguez,user104@example.com,001-258-410-6339x8021
105,Nicholas Mitchell,user105@example.com,480.744.5207x7426
106,Amber Gill,user106@example.com,001-772-510-5455x5319
107,Dr. Brian Thomas,user107@example.com,+1-326-972-1746x322
108,Tyler Conrad,user108@example.com,263.455.8768
109,Carlos Robinson,user109@example.com,983-292-4025x533
110,Cameron Cordova,user110@example.com,844-665-4033x28302
111,Rebecca Brady,user111@example.com,+1-573-426-5196x74211
112,Carrie Robbins,user112@example.com,001-324-772-3888x94422
113,Jason Jones,user113@example.com,001-886-281-5369
114,David Lynn,user114@example.com,300-565-7683x171
115,Tammy Williams,user115@example.com,001-451-977-0562x17719
116,Cynthia Wilcox,user116@example.com,317-871-1101x1824
117,Jasmine Johnson,user117@example.com,(654)484-9733x60721
118,Amanda Gardner,user118@example.com,+1-978-971-5753x5854
119,Joseph Travis,user119@example.com,438-749-3711x19681
120,Jennifer Allen,user120@example.com,(516)713-7183x08788
121,Angela Stone DVM,user121@example.com,699-771-1398x9588
122,Karen Rose,user122@example.com,+1-912-898-6998x885
123,Julie Dominguez,user123@example.com,001-300-429-9786x645
124,Margaret Hoffman,user124@example.com,669-238-2974
125,Randall Brooks,user125@example.com,+1-721-517-2337
126,William Phillips,user126@example.com,(750)785-6248x37867
127,Melissa Hughes,user127@example.com,(642)636-7788x88177
128,Brian Smith,user128@example.com,(809)878-8561
129,Kristina Williams,user129@example.com,+1-221-968-9552x22249
130,Jonathan Hernandez,user130@example.com,001-930-708-8808x5342
131,Darrell Gordon,user131@example.com,(433)591-1950x125
132,Daisy Brown,user132@example.com,001-660-872-7706x1552
133,Denise Spencer,user133@example.com,414.226.8365
134,Christy Smith,user134@example.com,201.374.0544
135,Karl Leach,user135@example.com,470.590.1051
136,Brenda Ho PhD,user136@example.com,+1-356-374-1620
137,Troy Moon,user137@example.com,688.565.9124
138,Daniel Fisher,user138@example.com,(850)259-8715x3146
139,Charles Atkinson,user139@example.com,+1-683-500-7376x966
140,Brittany Stewart,user140@example.com,289.621.8206
141,Andrea Lamb,user141@example.com,584-616-2956
142,Sandra Sutton,user142@example.com,(615)918-9127
143,Duane Ryan,user143@example.com,232-965-5545x6012
144,Kayla Weaver,user144@example.com,412.795.6803x261
145,Thomas Marsh,user145@example.com,001-853-482-4406x69717
146,Erica Smith,user146@example.com,298-913-9128x08937
147,Patrick Walters,user147@example.com,438.581.9200x0636
148,Judy Jimenez,user148@example.com,(466)818-8614x5559
149,Luis Rodriguez,user149@example.com,222-308-2379x251
150,Erik Wilson,user150@example.com,573-413-7047x5019
151,Thomas Wise,user151@example.com,5474276758
152,Richard Valdez,user152@example.com,966-969-5711x89600
153,Theresa Leon,user153@example.com,001-608-817-0028
154,David Hendricks,user154@example.com,+1-450-249-5381
155,Robert Green,user155@example.com,681-411-9072
156,Krystal Cervantes,user156@example.com,(852)225-1548x73309
157,Joanna Thompson,user157@example.com,265-762-9634x436
158,Luke Miranda,user158@example.com,671-834-3015
159,Audrey Sampson,user159@example.com,248-345-7588
160,Patrick Potts,user160@example.com,981.419.3915x671
161,Donna Thompson,user161@example.com,9055072103
162,Jennifer Wright,user162@example.com,(211)200-8454x76074
163,Maureen Ortiz,user163@example.com,+1-776-896-1469x861
164,Melissa Evans,user164@example.com,+1-650-609-3993x9035
165,Thomas Taylor,user165@example.com,980.344.0303x8385
166,Molly Fernandez,user166@example.com,+1-460-275-0685x10111
167,Madison Mccullough,user167@example.com,001-566-546-2429x186
168,Javier Brown,user168@example.com,564.595.4715x7339
169,Sierra Hall,user169@example.com,578.720.0215x43310
170,Angela Humphrey,user170@example.com,931.484.3319x59107
171,Marcus Jacobs,user171@example.com,(821)267-6612x2196
172,Lauren Pearson,user172@example.com,834.724.7261
173,Sara Stuart,user173@example.com,(703)245-7299
174,Heather Evans,user174@example.com,+1-689-506-3219x436
175,Jason Smith,user175@example.com,602.245.6457x3360
176,Dawn Smith,user176@example.com,6544168063
177,Diana Martin,user177@example.com,546.650.6400x01471
178,Mr. Chad Alexander,user178@example.com,542.828.6113x388
179,John Hernandez,user179@example.com,+1-779-377-8373
180,Tanner Morse,user180@example.com,001-852-766-6169
181,Elizabeth Cantu,user181@example.com,+1-687-896-1892x95084
182,Steven Meyer,user182@example.com,(218)574-6711
183,Tammie Hernandez,user183@example.com,818.627.9476x7422
184,Peter Nelson,user184@example.com,001-983-226-0797x031
185,Tyler King,user185@example.com,001-895-264-9833x230
186,Mr. Michael Norman,user186@example.com,+1-437-698-9894
187,Ricky Singh,user187@example.com,(953)201-2157x69833
188,Samantha White,user188@example.com,(766)453-5776x9485
189,Jeffery Steele,user189@example.com,+1-859-274-9262x86182
190,Karen Gonzalez,user190@example.com,(359)544-8153
191,Charlotte Wilson,user191@example.com,976-535-9696x5881
192,Kayla Lopez,user192@example.com,(717)626-6209x94329
193,Ronald Marshall,user193@example.com,809-867-7474
194,Sheila Carpenter,user194@example.com,001-369-932-3759
195,Julie Larsen,user195@example.com,(201)762-4524x8748
196,Emily Jackson,user196@example.com,(319)241-9029
197,John Castillo,user197@example.com,789-349-4752x5694
198,Corey Thomas,user198@example.com,412-893-5530
199,Steven Taylor,user199@example.com,(303)979-3713x85639
200,Wendy Burgess,user200@example.com,829.216.4687
201,Carl Huffman,user201@example.com,391-735-6086x81168
202,Natasha Pierce,user202@example.com,(241)793-7767
203,Daniel Wong,user203@example.com,001-825-667-2438x75571
204,Joseph Ramirez,user204@example.com,9205480038
205,Jamie Mccarthy,user205@example.com,775-774-2374x070
206,Patricia Hernandez,user206@example.com,6889127966
207,Amanda Tucker,user207@example.com,2433432622
208,Christopher Gould,user208@example.com,659.409.8195
209,Gabriela Whitney,user209@example.com,7942981631
210,Cynthia Ellis,user210@example.com,645.540.7296x19444
211,Morgan Howell,user211@example.com,262.681.1439x939
212,Abigail Vazquez,user212@example.com,610-994-2210
213,Jacob Miller,user213@example.com,748-462-6069x86764
214,Kari Shaffer,user214@example.com,+1-584-553-4834x7442
215,Virginia Smith,user215@example.com,502.913.9650x459
216,Gabriel Brown,user216@example.com,+1-446-927-3477x8986
217,Michael Moore,user217@example.com,(564)820-5446x3878
218,Stephen Spencer,user218@example.com,(572)791-9639x51783
219,Scott King,user219@example.com,9263883173
220,Veronica Erickson,user220@example.com,221.422.3203x90187
221,Paul Myers,user221@example.com,(600)731-0982x2194
222,Ashley Le,user222@example.com,667-605-2964x6151
223,James Owens,user223@example.com,+1-778-974-0449x4307
224,Michelle Bennett,user224@example.com,001-892-418-8670
225,Alyssa Blankenship,user225@example.com,807-547-7695x69061
226,Hannah Clark,user226@example.com,(755)268-1478x255
227,Adam Norman,user227@example.com,815-674-5551x2850
228,Andrew Wright,user228@example.com,(618)726-2255
229,James Wilson,user229@example.com,(219)722-6562x997
230,Jamie Howell,user230@example.com,974.256.3361
231,Kenneth Valdez,user231@example.com,928-773-6328x86973
232,Samantha Lopez,user232@example.com,560.653.4792
233,Nicholas Johnson,user233@example.com,712-326-4489x553
234,Shelley Warren,user234@example.com,272.541.4433
235,Brett Johnson,user235@example.com,363-781-9564
236,Angela Stevens,user236@example.com,(315)280-9772
237,Laura Johnson,user237@example.com,+1-751-265-4555
238,Stephen Smith,user238@example.com,9064518703
239,Mary Andrews,user239@example.com,+1-791-563-8819
240,Michelle Alvarado,user240@example.com,335.501.9328x4479
241,Angela Green,user241@example.com,291.888.5782x20597
242,Richard Gilbert,user242@example.com,(438)654-1103
243,Alexander Davis,user243@example.com,542.695.1687
244,Abigail Simmons,user244@example.com,(613)937-1302x2617
245,Lucas Dixon,user245@example.com,244-749-7781x798
246,Amber Moore,user246@example.com,637.252.4513x9114
247,Elizabeth Wright,user247@example.com,(276)531-7960x629
248,Curtis Garcia,user248@example.com,315-450-1144
249,Donna Cantrell,user249@example.com,+1-930-257-0840x960
250,Heather Kirby,user250@example.com,666.590.3717
251,Kristina Yoder,user251@example.com,753.733.9980x9283
252,Morgan Perry,user252@example.com,651-762-6832x211
253,Julian Garza,user253@example.com,(941)860-2540x01961
254,Billy Dominguez,user254@example.com,001-429-505-6039x21195
255,Sarah Pruitt,user255@example.com,9697846426
256,Tony Herrera,user256@example.com,339.291.9317
257,Danielle Humphrey,user257@example.com,553.482.2492x45212
258,Mrs. Kaitlyn Hughes,user258@example.com,399-221-6541x134
259,Melissa Newton,user259@example.com,3337242567
260,Mary Lynch,user260@example.com,001-417-741-9860x78771
261,Lisa Chapman,user261@example.com,(610)705-9975x66681
262,Michael Williams,user262@example.com,+1-965-653-3318x7180
263,Mikayla Garrett,user263@example.com,504.460.2026x107
264,Anne Larson,user264@example.com,8393313896
265,Sarah Lynch,user265@example.com,5783293173
266,Carlos Mendoza,user266@example.com,676.483.1033
267,Nicole Smith,user267@example.com,752-957-1100
268,Brandi Bryant,user268@example.com,(656)500-8613
269,David Jenkins,user269@example.com,487-396-1968x0266
270,Beth Harper,user270@example.com,997.439.5380x8112
271,Thomas Hamilton,user271@example.com,+1-928-794-7292x88108
272,Jasmine Fox,user272@example.com,244-763-9194x4202
273,John Wilkins,user273@example.com,001-637-779-9826
274,Melissa Brooks,user274@example.com,662.301.9127x737
275,Sophia Simpson,user275@example.com,380.611.8221
276,Kevin Davis,user276@example.com,621.680.9315x34214
277,Ariel Harris,user277@example.com,+1-289-338-4656x94277
278,Melissa Johnson,user278@example.com,001-729-430-2040x6800
279,William Woods,user279@example.com,+1-366-628-0888x378
280,Robert Mullins,user280@example.com,001-319-207-0042x6778
281,Dennis Wilkinson,user281@example.com,301-588-3459x469
282,Kimberly Werner,user282@example.com,478.630.2647x2256
283,Nicholas White,user283@example.com,528.756.5023
284,Joshua Miller,user284@example.com,652.413.6394
285,Natasha Fields,user285@example.com,884.855.6277x5287
286,Misty Hunt,user286@example.com,001-344-730-8163x9973
287,Danielle Calderon,user287@example.com,+1-534-913-9856x851
288,Dominic Fletcher,user288@example.com,(652)587-4765x393
289,Sherry Dawson,user289@example.com,514-749-0454
290,Heather Nguyen,user290@example.com,372-454-1979
291,Matthew Campbell,user291@example.com,001-344-607-3835
292,Jason Blackwell,user292@example.com,722-428-3968
293,Duane Kelley,user293@example.com,886-937-6508x8419
294,Gregory Miller,user294@example.com,001-899-771-1390x88744
295,Karen Johnson,user295@example.com,001-610-611-0896x66779
296,Bruce Johnson,user296@example.com,001-688-950-7734
297,James Navarro,user297@example.com,001-924-769-8394x4902
298,Jordan Mcclure,user298@example.com,+1-954-624-2921
299,Hannah Olson,user299@example.com,627.288.2639x780
300,Stephen Flores,user300@example.com,+1-426-469-3089x812
301,Patricia Jacobs,user301@example.com,+1-867-256-5898x232
302,Melanie Turner DDS,user302@example.com,258.498.2157
303,Paul Cox,user303@example.com,214-413-2284x340
304,Michael Jarvis,user304@example.com,001-831-747-7675
305,Ann Myers,user305@example.com,523.325.4640
306,Heather Clark,user306@example.com,7895386180
307,Devin Hoffman,user307@example.com,(539)518-0504
308,Brian Hernandez,user308@example.com,587-475-7769
309,Veronica Travis,user309@example.com,(703)976-3215x2673
310,Jessica Smith,user310@example.com,(260)211-8269x2201
311,Drew Castillo,user311@example.com,251-344-5640
312,Amanda Black,user312@example.com,433-425-2743
313,Mary King,user313@example.com,+1-306-701-9163x79728
314,Brittany Fisher,user314@example.com,864-366-9138
315,James Stewart,user315@example.com,911-318-3605x580
316,Debra Black,user316@example.com,+1-534-683-0374
317,Laura Weber,user317@example.com,001-409-839-7392x6698
318,Robin Mccoy,user318@example.com,(912)239-8295
319,Thomas Byrd,user319@example.com,549.330.4372x51756
320,Jennifer Wang,user320@example.com,001-789-763-7646x1167
321,Kimberly Shaw PhD,user321@example.com,249-358-4413x72313
322,Lisa Mckinney,user322@example.com,001-616-731-0117x7143
323,Evelyn Shelton,user323@example.com,319-224-5213
324,Jamie Moss,user324@example.com,(718)849-3913x988
325,Austin Ramirez,user325@example.com,001-832-337-6061x77974
326,Angela Davis,user326@example.com,418-284-1107
327,Tiffany Wood,user327@example.com,388.826.3210x0498
328,Christina Mitchell,user328@example.com,360-701-6061x57448
329,Connor Davis,user329@example.com,789-220-7423
330,Caroline Hines,user330@example.com,001-971-350-1077x069
331,Hannah Walter,user331@example.com,001-537-530-1195x120
332,Michael Johnston,user332@example.com,648.965.9853
333,Dr. Whitney Frank,user333@example.com,+1-752-653-7195x443
334,Lucas Clark,user334@example.com,+1-502-723-2215x45677
335,Kendra Reyes,user335@example.com,731.275.0751x8360
336,Shawn Kane,user336@example.com,001-572-406-3714
337,Emily Garcia,user337@example.com,(422)691-1671
338,Aaron Hunt,user338@example.com,661-268-5156
339,Michael Perez,user339@example.com,(529)667-3165
340,Bianca Cruz,user340@example.com,782-459-9034
341,Alex Rodriguez,user341@example.com,(562)662-1749x3435
342,Megan Hamilton,user342@example.com,+1-614-800-1132
343,Barbara Fowler,user343@example.com,001-513-388-0662
344,Kelly Kim,user344@example.com,(527)578-9748
345,David Young,user345@example.com,+1-390-218-9234x1929
346,Maria Dudley,user346@example.com,001-839-923-2878x317
347,Shelby Torres,user347@example.com,+1-680-615-0254x35079
348,Mark Smith,user348@example.com,461-881-4243x569
349,Maurice Lee,user349@example.com,+1-539-228-2990x378
350,Traci Guzman,user350@example.com,3947448017
351,Crystal Coleman,user351@example.com,(522)361-9113
352,Lori Ross,user352@example.com,+1-336-636-2879x952
353,Erica Alexander,user353@example.com,001-444-341-3850x4991
354,Makayla Christensen,user354@example.com,(698)599-8331x02725
355,Edwin Tanner,user355@example.com,574-270-2701x14210
356,Kelsey Moore,user356@example.com,001-530-860-9403x152
357,John Crosby,user357@example.com,5168186094
358,Jennifer Stokes,user358@example.com,551.552.5227
359,Daniel Ellis,user359@example.com,996.508.6436x502
360,Donna Turner,user360@example.com,515-364-3046x5688
361,Heather Fleming,user361@example.com,966.620.6772x548
362,Vickie Hawkins,user362@example.com,397.985.2210
363,Carolyn Taylor,user363@example.com,414-918-0152x28220
364,Troy Harris,user364@example.com,5676205646
365,Sarah Koch,user365@example.com,(483)871-4387x72421
366,Destiny Carey DDS,user366@example.com,753.361.7899
367,Angela Hanson,user367@example.com,+1-958-306-5270x4943
368,Patricia Griffin,user368@example.com,523-717-3616
369,Melissa Gilbert,user369@example.com,(761)792-4352x1132
370,Judith Esparza,user370@example.com,571-263-2151
371,Tony Tran,user371@example.com,230-718-4236
372,Antonio Stewart,user372@example.com,(966)773-9466x193
373,Stephanie Edwards,user373@example.com,433.269.5095x656
374,Jason Weber,user374@example.com,4384693722
375,Nathan Little,user375@example.com,813.622.7201
376,Carla Moore,user376@example.com,001-459-617-2183
377,Derrick Ward,user377@example.com,8819038742
378,Kelsey Vazquez,user378@example.com,+1-827-787-9475x575
379,Christopher Nguyen,user379@example.com,(614)586-6787x479
380,Sabrina Jackson,user380@example.com,(982)368-8674x5165
381,Brittany Morgan,user381@example.com,901.235.6877
382,Patricia Pittman,user382@example.com,572.287.5366
383,Lisa Davis,user383@example.com,677-801-3546x058
384,James Oconnell,user384@example.com,(405)876-8260x90338
385,Ashley Duke,user385@example.com,001-835-561-2732x2118
386,Marissa Moore,user386@example.com,230-942-8132x974
387,Jorge Watson,user387@example.com,(524)666-3110x43460
388,Warren Tyler,user388@example.com,001-464-717-1113x7973
389,Michael Harris,user389@example.com,+1-844-952-9668x18887
390,Eddie Wilkerson,user390@example.com,984-619-9254x740
391,Justin Wise,user391@example.com,306.463.8640x84857
392,Jeremy Bautista,user392@example.com,001-869-211-6518x3223
393,Thomas Anderson,user393@example.com,(571)803-5647
394,Jenna Bowers,user394@example.com,754-902-6640
395,Karla Medina,user395@example.com,589.353.6634
396,Cody Summers,user396@example.com,(315)823-1915x5346
397,Beth White,user397@example.com,941-281-2920x6149
398,John Martin,user398@example.com,804-848-0670
399,Edward Bullock,user399@example.com,995-768-3728x22639
400,Michael Smith DDS,user400@example.com,529.385.9568x65197
401,Ronald Moss,user401@example.com,(504)674-2343x776
402,Kelly Dixon,user402@example.com,+1-875-474-2254x70334
403,Nicole Shaw,user403@example.com,484-739-7118x61428
404,Erika Ortega,user404@example.com,321.812.7849
405,Dr. Richard Ortega,user405@example.com,727-298-5793x988
406,Robert Johnson,user406@example.com,712-747-5289x2522
407,Glenn Young,user407@example.com,(921)236-8705x94436
408,Eric Perry,user408@example.com,523-603-3880x101
409,Melanie Soto,user409@example.com,218.945.3106
410,Marissa Walters,user410@example.com,291.748.6683
411,Joshua Bailey,user411@example.com,(271)649-2250x8256
412,Ian Ware,user412@example.com,(628)904-2948
413,Lori York,user413@example.com,(638)374-1172x3079
414,Rachael Williams,user414@example.com,(337)307-1775x99157
415,Michael Lucas,user415@example.com,(815)868-3784
416,Marisa Dickerson,user416@example.com,(231)404-8201
417,Deborah Mendez MD,user417@example.com,001-979-480-5562x042
418,Michael Gordon,user418@example.com,3658676135
419,Michael Peterson,user419@example.com,+1-318-370-6950
420,Christopher Lee,user420@example.com,+1-862-921-6259x73436
421,Michael Martin,user421@example.com,725-405-6229
422,Jessica Reed,user422@example.com,+1-992-912-9826x681
423,Suzanne Thompson,user423@example.com,4745413925
424,Julia Bautista,user424@example.com,+1-263-229-8349x25924
425,Brittany Edwards,user425@example.com,(964)741-3491
426,Matthew Simmons,user426@example.com,254.611.1660x38518
427,Nathan Marsh,user427@example.com,(778)785-2174
428,Veronica Mack,user428@example.com,204-396-4278
429,Ronald Woods,user429@example.com,477.676.3710x743
430,Jill Santiago,user430@example.com,768-975-9620x58755
431,Hannah Miller,user431@example.com,+1-471-588-7605
432,Emily Martinez,user432@example.com,523.420.5448
433,Jeanette Weaver,user433@example.com,959.516.0745
434,Amber Weeks,user434@example.com,001-533-271-3230x657
435,Sean Herman,user435@example.com,001-283-973-4553x82734
436,Paul Williams,user436@example.com,920.786.6119x1578
437,Shane Wade,user437@example.com,001-885-554-6390x54650
438,Jessica Chavez,user438@example.com,+1-747-458-2868x0898
439,Kristina Hunt,user439@example.com,683.663.3333
440,Dustin Davis,user440@example.com,001-654-994-0005x7140
441,Jodi Taylor,user441@example.com,001-489-289-1006
442,Emma Williams,user442@example.com,(295)299-8465x0613
443,Connie Stafford,user443@example.com,240.298.3486x40857
444,Richard Burnett,user444@example.com,617.454.9255x5023
445,Natalie Garcia MD,user445@example.com,593-515-4258x5170
446,Amanda Mason,user446@example.com,772.201.2225x58307
447,Samuel Kane,user447@example.com,+1-376-209-2937
448,Jasmine Martinez,user448@example.com,001-638-844-4737x7750
449,Kevin Potter,user449@example.com,(609)308-3081
450,Richard Anderson,user450@example.com,001-345-832-1025x45956
451,Jessica Huff,user451@example.com,367-990-6211
452,Lisa Owens,user452@example.com,927.709.3872x77888
453,James Small,user453@example.com,6969607629
454,Angela Taylor,user454@example.com,+1-860-569-4634x65921
455,Natalie Espinoza,user455@example.com,598-872-9797x679
456,Taylor Harris,user456@example.com,+1-665-273-9741
457,Thomas Morrow,user457@example.com,582-753-2056x839
458,Kimberly Baker,user458@example.com,(393)482-0519x290
459,Kenneth Davies,user459@example.com,(349)488-4261x63880
460,Laura Vaughn,user460@example.com,843.558.6077
461,Dr. Thomas Alvarez,user461@example.com,+1-408-916-4573x878
462,Hannah Kent,user462@example.com,855.361.2127x6862
463,Kelly Foster,user463@example.com,721-689-4351x14604
464,Allison Ford,user464@example.com,776-402-1260x75326
465,Brian Adams,user465@example.com,(357)287-0996x86994
466,Daniel Reed,user466@example.com,8574564391
467,Sarah Quinn,user467@example.com,+1-247-466-1366x3730
468,Sierra Thompson,user468@example.com,(327)558-1712x5196
469,Christine Moore,user469@example.com,(575)647-0539
470,Linda Tucker,user470@example.com,+1-930-627-0078
471,Kenneth Moore,user471@example.com,+1-771-869-6598
472,Paul Chase,user472@example.com,367-235-1159x870
473,Brent Williams,user473@example.com,784-499-5836
474,Savannah Stewart,user474@example.com,(890)828-1904x205
475,Dr. Gordon Edwards MD,user475@example.com,980.592.8533
476,Angela May,user476@example.com,845.978.2278
477,Jessica Miller,user477@example.com,001-642-584-8653
478,Jay Davis,user478@example.com,678.878.1317x060
479,Jonathan James,user479@example.com,811-801-9925
480,Craig Rodriguez,user480@example.com,(788)465-0293
481,Sarah Davis,user481@example.com,(691)661-3626x3358
482,Pedro Saunders,user482@example.com,835.368.9703x430
483,Nancy Jordan,user483@example.com,8963876626
484,Erika Harper,user484@example.com,779.682.8376
485,Brandon Howell,user485@example.com,308.315.1583x207
486,Tara Silva,user486@example.com,759-268-5387
487,Catherine Carr,user487@example.com,(849)612-1259
488,Daniel Flynn DDS,user488@example.com,889-297-8436
489,Joshua Duran,user489@example.com,436-985-7899
490,Tammy Romero,user490@example.com,8914125740
491,Eric Nicholson,user491@example.com,+1-291-303-1040x0797
492,Kyle Romero,user492@example.com,(792)532-9006
493,Justin Johnson,user493@example.com,(508)399-6057x18998
494,Rachel Walsh,user494@example.com,+1-386-824-6734x990
495,Jamie Brown,user495@example.com,001-706-814-0391
496,Amy Marsh,user496@example.com,+1-219-716-2359x355
497,Melissa Riley,user497@example.com,001-970-618-4317x669
498,Amber Sweeney,user498@example.com,218.650.0237x307
499,Joseph Walters II,user499@example.com,325-730-9522
500,Charles Ramos,user500@example.com,(941)560-5165x902
501,David Grant,user501@example.com,(792)715-1125
502,Paul Richards,user502@example.com,829-904-1483
503,Elizabeth Walker,user503@example.com,464.606.0651
504,Colleen Morrison,user504@example.com,(420)399-3393
505,Sue Williams,user505@example.com,564.831.1593
506,Curtis Sanchez,user506@example.com,906.235.2618x24039
507,Larry Martinez,user507@example.com,7449736171
508,Henry Beard,user508@example.com,3634251783
509,Richard Church,user509@example.com,(262)795-4149x1736
510,Dr. Linda Potter,user510@example.com,389-317-7873x689
511,Michelle Oconnor,user511@example.com,+1-440-509-5166
512,Rhonda Murphy,user512@example.com,528.579.6382x83389
513,Patricia Stanley,user513@example.com,+1-948-503-5706
514,Kenneth Brooks,user514@example.com,918-204-1200
515,Christine Curry,user515@example.com,(276)492-7108x425
516,Christopher Wyatt,user516@example.com,(887)760-4295x948
517,Seth Pham,user517@example.com,+1-880-749-5789
518,Jose Guzman,user518@example.com,354.870.4997
519,Michelle Collier,user519@example.com,580-860-2623
520,Justin Lloyd,user520@example.com,001-887-409-0571x055
521,Nicole Duran,user521@example.com,(923)367-6091
522,Heather Reyes,user522@example.com,842.803.1006x6809
523,Jerome Gonzalez,user523@example.com,501-756-4767x09844
524,Daniel Ramirez,user524@example.com,(653)698-5510
525,Michael Ramirez,user525@example.com,808-220-7586
526,Anthony Villanueva,user526@example.com,916-860-9184
527,Jeffrey Banks,user527@example.com,326-351-1590
528,Carl Peterson,user528@example.com,680.374.4999x609
529,Manuel Collins,user529@example.com,964.265.2906x2787
530,Jill Clark,user530@example.com,+1-497-336-3560x2666
531,Roy Solis,user531@example.com,001-328-223-8282
532,Joe Cook,user532@example.com,(442)827-4675x77596
533,Becky Cook,user533@example.com,627.540.3760x692
534,Michael Ford,user534@example.com,8859557899
535,Jason White,user535@example.com,001-271-208-9799x71456
536,Carrie Wright,user536@example.com,250-334-5065x6848
537,Jesse Cooley,user537@example.com,(879)796-4386
538,Melissa Pierce,user538@example.com,877-463-7559
539,Meagan Jensen,user539@example.com,410-848-5106x26614
540,Joshua Romero,user540@example.com,001-242-206-8309x882
541,Jessica Williams,user541@example.com,2267915945
542,Laura Brown,user542@example.com,204.693.9230
543,Michael Fleming,user543@example.com,+1-930-848-0699x27461
544,Kelly Salas,user544@example.com,+1-351-763-6400x86969
545,Robert Young,user545@example.com,(409)617-2629
546,Ashley Velazquez,user546@example.com,265.536.9358x92340
547,Karen Vazquez,user547@example.com,+1-257-423-4253
548,Michael Barton,user548@example.com,(301)216-8902
549,Sharon Simmons,user549@example.com,5099080611
550,Megan Vincent,user550@example.com,+1-305-444-6270x7816
551,Jorge Rogers,user551@example.com,(477)253-7007
552,Shelley Johnson,user552@example.com,(279)471-4295
553,Cynthia Ortiz,user553@example.com,810.537.2073
554,Dana Garcia,user554@example.com,+1-649-204-5668x82179
555,Jonathan Patel,user555@example.com,976.523.4204x075
556,Christopher Aguilar,user556@example.com,001-661-627-9205x230
557,Laurie Miller,user557@example.com,001-629-263-3094
558,Michelle Lopez,user558@example.com,+1-949-468-8874x643
559,Sierra Valdez,user559@example.com,986-607-7970x22832
560,Mark Gregory,user560@example.com,269-510-6574
561,Brenda Carpenter,user561@example.com,(654)287-0650x847
562,Adrian Pierce,user562@example.com,2402900831
563,Elizabeth Curtis,user563@example.com,845.809.9364
564,Terry Santos,user564@example.com,935.520.6173
565,Erin Hawkins,user565@example.com,782-649-0598x61588
566,Jonathon Haynes,user566@example.com,+1-500-870-2244x956
567,Brian Strong,user567@example.com,928-882-7096x8300
568,Andrea Oconnor,user568@example.com,661-493-4040
569,Anna Vasquez,user569@example.com,868.646.0087
570,Daniel Watson,user570@example.com,001-302-216-5659x609
571,Ariel Taylor,user571@example.com,+1-740-262-4405x787
572,Nicole Cortez,user572@example.com,987.801.9460x6512
573,Stanley Valenzuela,user573@example.com,+1-255-506-8327x92094
574,Christopher Martin,user574@example.com,936.260.4317x56280
575,David Johnson,user575@example.com,8309856541
576,Jacqueline Davis,user576@example.com,(358)458-1232x7028
577,Anthony Calderon,user577@example.com,813-770-3445x53269
578,Charles Anderson,user578@example.com,604-488-9188x752
579,Dr. Beth Ross,user579@example.com,369.287.2530x274
580,Nicole Wu,user580@example.com,971-712-6200x5559
581,Terry Ibarra,user581@example.com,236.769.5931x28306
582,William Smith,user582@example.com,+1-904-723-9290x062
583,Kristen Washington,user583@example.com,842.604.8935
584,Steven Garcia,user584@example.com,333.733.7944x5217
585,Tammy Hayes,user585@example.com,3909666534
586,Laura Reese,user586@example.com,7234899644
587,Pamela Martinez,user587@example.com,001-795-799-4620x551
588,Victor Tran,user588@example.com,745.507.3571x657
589,Richard Day,user589@example.com,790-883-3673x29452
590,Ryan Sellers,user590@example.com,+1-642-642-3304x8250
591,Leslie Ferguson,user591@example.com,715.604.4459x22050
592,Andrea Flores,user592@example.com,(502)575-1099
593,Javier Ruiz,user593@example.com,216-614-6755
594,Joseph Wilson,user594@example.com,968.861.0351
595,Nicholas Collins,user595@example.com,447-542-0695x64566
596,Lori Perez,user596@example.com,(232)246-4139x7360
597,Jennifer Nixon,user597@example.com,827.949.3117x36662
598,Lori Brady,user598@example.com,+1-716-527-2342x552
599,Julie Clark,user599@example.com,+1-666-387-0621x153
600,John Wolfe,user600@example.com,385-417-1566
601,Theresa Mcdowell,user601@example.com,+1-764-743-3016
602,Steve Castaneda,user602@example.com,001-336-654-8621x4083
603,Michael Fernandez,user603@example.com,991.927.1205x0255
604,Heather Wade,user604@example.com,001-755-353-8261x18105
605,Pamela Robles,user605@example.com,(540)554-5669x3046
606,Tammy Carter,user606@example.com,001-331-686-0822
607,Larry White,user607@example.com,812.823.5753x76550
608,Jeremy Thompson,user608@example.com,415.863.6885
609,Cynthia Bishop,user609@example.com,7206622785
610,Harold Yoder,user610@example.com,377.565.2967
611,Michael Bryant,user611@example.com,001-823-740-1313
612,Michelle Stephens,user612@example.com,001-239-468-1766x7357
613,Emily Underwood,user613@example.com,(882)584-0686x12820
614,Janet Romero,user614@example.com,591-226-0556
615,Terry Rivera,user615@example.com,327-908-0780
616,Steven Henson,user616@example.com,001-361-260-2400x25968
617,Shawn Murphy,user617@example.com,001-461-994-1453x85996
618,Laura Hobbs,user618@example.com,592-451-1847
619,Jacqueline Stewart,user619@example.com,861-847-9397x2600
620,Michelle Johnson,user620@example.com,+1-222-828-3905x64496
621,Kelly Porter,user621@example.com,376.800.1539
622,Jacob Long,user622@example.com,(866)608-5581
623,William Lowe,user623@example.com,9203365655
624,Alexandra Beasley,user624@example.com,680.980.8395x965
625,Terrance Lee,user625@example.com,(742)334-0076
626,Nicole Collins,user626@example.com,8362124362
627,Thomas Donaldson,user627@example.com,326.335.5745x6954
628,Devon Hardin,user628@example.com,405-490-8205
629,Kimberly Conner,user629@example.com,(961)301-3587
630,Calvin Ross,user630@example.com,743.230.2735
631,Robert Zuniga,user631@example.com,489-568-7483
632,Kevin Arnold,user632@example.com,001-948-626-3513x010
633,Matthew Rios,user633@example.com,(817)361-8872x64086
634,Anthony White,user634@example.com,285.997.0270x8083
635,Michael Golden,user635@example.com,001-208-557-9646x044
636,Daniel Smith,user636@example.com,970-661-5273x421
637,Cynthia Young,user637@example.com,822.402.0576x005
638,John Curry,user638@example.com,768.864.6901x14227
639,James Long,user639@example.com,286-364-0299x2957
640,Mary Levy,user640@example.com,001-849-292-8808x20171
641,Crystal Hall,user641@example.com,(449)540-8654
642,James Schmidt,user642@example.com,(546)264-1060x621
643,Brooke Stein,user643@example.com,+1-221-434-6599x393
644,Joseph Webster,user644@example.com,+1-427-356-9056x7717
645,Jessica Thomas,user645@example.com,322.263.0503
646,Kristine Camacho,user646@example.com,450.372.7226
647,Joshua Durham,user647@example.com,001-716-706-9457x27204
648,Ashley Smith,user648@example.com,6536032968
649,Caroline Wells,user649@example.com,2113352036
650,Matthew Palmer,user650@example.com,(273)235-7310x5703
651,Stephen Smith,user651@example.com,990-444-1991x9661
652,Jeanne Yu,user652@example.com,350-929-4024
653,Donald Rodriguez,user653@example.com,425-809-5936
654,Anita Adams,user654@example.com,(214)646-1020x5510
655,Christina Hodge,user655@example.com,(796)642-9626
656,Logan Harrington,user656@example.com,769.695.9750x44324
657,Amy Lindsey,user657@example.com,(240)739-6841
658,Lucas Garner,user658@example.com,(640)443-6406x896
659,Sydney Phillips,user659@example.com,+1-972-476-5651x17471
660,William Baker,user660@example.com,+1-789-645-1229
661,John Rogers,user661@example.com,(888)235-9365
662,Michele Rodriguez,user662@example.com,+1-255-328-5613x838
663,Jessica Taylor,user663@example.com,(400)539-5653
664,James Sutton,user664@example.com,592-706-2938x77117
665,Michael Martin,user665@example.com,001-853-988-8930x65990
666,Brianna Clark,user666@example.com,+1-597-704-6123x60747
667,Susan Duran,user667@example.com,750.516.5368x891
668,Tracy Aguilar,user668@example.com,994-589-2918
669,Stephen Livingston,user669@example.com,487-274-3981x92334
670,Angela Flores,user670@example.com,(960)816-2648x37968
671,Jessica Murphy,user671@example.com,244.638.9414
672,Kenneth Jones,user672@example.com,+1-246-390-0501x621
673,Jenny Richards,user673@example.com,494.798.3695x338
674,Brandon Cross,user674@example.com,+1-610-376-2232x769
675,Amber Diaz,user675@example.com,+1-510-628-5376
676,Tyrone Sanchez,user676@example.com,(274)296-0009x1451
677,Latoya Guerrero,user677@example.com,366-689-5875x94653
678,Jessica Campbell,user678@example.com,312-966-9695x6064
679,Michael Huang,user679@example.com,+1-654-312-4326x43410
680,Teresa Peters,user680@example.com,681.671.9527x6440
681,Maurice Stark,user681@example.com,(986)701-4681
682,Jillian Cooper,user682@example.com,001-964-669-5304x31419
683,Joseph Contreras,user683@example.com,924-737-0018x20034
684,Victoria Cobb,user684@example.com,786.270.9694x90351
685,Ann Holland,user685@example.com,001-876-705-5440x01956
686,Christie Edwards,user686@example.com,904-740-0413x870
687,James Mckinney,user687@example.com,001-318-452-6311x85233
688,Kristina Kim,user688@example.com,3359534287
689,Amber Buck,user689@example.com,247-621-5619x18047
690,Ian Lawrence,user690@example.com,215.281.1080x1256
691,Erica Park,user691@example.com,568.303.7748x462
692,Kimberly Diaz,user692@example.com,+1-962-903-7283x643
693,Robert Manning,user693@example.com,635-285-2720x6502
694,Eileen Hancock,user694@example.com,(717)517-7469x0037
695,Tina Brown,user695@example.com,781.400.4847
696,Karen Petersen,user696@example.com,+1-572-627-9562x809
697,Jeremy Meza,user697@example.com,+1-917-917-6489x399
698,Michelle Wood,user698@example.com,001-210-833-5919x4680
699,Matthew Young,user699@example.com,837.505.1054
700,Stephen Perez,user700@example.com,706.695.8573
701,Cassandra Barrett MD,user701@example.com,852.957.6830x8968
702,Jessica Wright,user702@example.com,001-743-615-0998
703,Lauren Collins,user703@example.com,(458)209-0122x82476
704,Kevin Johnson,user704@example.com,+1-318-572-6192x636
705,John Casey,user705@example.com,769-343-4134x868
706,Nicole Shaw,user706@example.com,+1-201-484-7086x3054
707,Robin Moreno,user707@example.com,001-543-305-9776x749
708,Thomas Watson,user708@example.com,3764963550
709,Eric Hansen,user709@example.com,374-852-8123x099
710,John Jackson,user710@example.com,884-617-1104x733
711,Anthony Martinez,user711@example.com,3959396866
712,Natalie Foster,user712@example.com,001-990-275-1578
713,Kimberly Jackson,user713@example.com,739.759.1621x77730
714,Matthew Taylor,user714@example.com,981-419-2110
715,Rachael Cook,user715@example.com,227-351-2740x3532
716,Michael Moore,user716@example.com,304.977.1173x3876
717,Brandi Barker,user717@example.com,208.382.9742x5240
718,Frank Schwartz,user718@example.com,210-561-1409x882
719,Jennifer Garcia,user719@example.com,(260)435-7803
720,Xavier Wilson,user720@example.com,960.928.4323x5272
721,Ashley Caldwell,user721@example.com,7626890168
722,Joe Garcia,user722@example.com,001-661-784-0575x0771
723,Tiffany White,user723@example.com,482-681-8152x635
724,Scott Bennett,user724@example.com,001-987-485-1698x22966
725,Brian Ibarra,user725@example.com,269.927.5846
726,Amy Newton,user726@example.com,001-319-588-1807x08093
727,Lisa Jackson,user727@example.com,(805)741-6060
728,William King,user728@example.com,001-793-393-4272x5445
729,Dr. Sarah Cuevas PhD,user729@example.com,912-903-3210
730,Krystal Owen,user730@example.com,001-351-850-2856x05224
731,Grace Franklin,user731@example.com,(847)961-3545
732,Tyler Mccoy,user732@example.com,+1-226-292-1951x797
733,Eric Sanchez,user733@example.com,894.524.9466
734,Antonio Thomas,user734@example.com,(788)941-7376x998
735,Kyle Jones,user735@example.com,557.519.3123
736,Raymond Yates,user736@example.com,001-291-777-1090x5657
737,Frank Reyes,user737@example.com,312.676.0370x32093
738,Darius Fitzgerald,user738@example.com,374-956-5552x972
739,Karen Lamb,user739@example.com,720-842-4901x26848
740,Patricia Ingram,user740@example.com,(345)635-5647x96423
741,Mathew Gates,user741@example.com,688.866.1603x87553
742,Alexander Dunn,user742@example.com,001-888-540-0550x7488
743,Laura Marquez,user743@example.com,226-451-0716x0110
744,Joshua Sanchez,user744@example.com,001-999-508-9813x58883
745,William Myers,user745@example.com,2439961222
746,Nicole Green,user746@example.com,779.227.0696x5357
747,Carolyn Wang,user747@example.com,+1-738-926-3810x378
748,Philip Ruiz,user748@example.com,(704)736-6996
749,Barry Wells,user749@example.com,001-973-661-4782x72891
750,Randy Harris,user750@example.com,(381)633-5236
751,Nathaniel Johnson,user751@example.com,603-890-7717
752,Tina Allen,user752@example.com,+1-639-930-2603x044
753,Kelly Hartman,user753@example.com,915-988-3862x7231
754,Julie Watts,user754@example.com,(719)982-5103x43627
755,Amber Butler,user755@example.com,001-419-320-9221x73717
756,Johnny Harris,user756@example.com,(429)484-0606x05952
757,Jesse Sosa,user757@example.com,+1-797-776-0833x57667
758,Timothy Carr,user758@example.com,253-478-4343x849
759,Richard Lowery,user759@example.com,337.337.3321x3887
760,William Smith,user760@example.com,(979)432-2054x4302
761,Whitney Allen,user761@example.com,+1-872-628-7063
762,Robert Thompson,user762@example.com,274.703.4626x86967
763,Herbert Smith,user763@example.com,236.920.9248
764,Lisa Morgan,user764@example.com,(497)919-4781
765,Mathew Gutierrez,user765@example.com,487-397-5706x342
766,Amber Silva,user766@example.com,(940)524-3750x1288
767,Nicholas Thompson,user767@example.com,3675360933
768,Elizabeth Myers,user768@example.com,(954)431-5059
769,Jennifer Mccarty,user769@example.com,710.310.6619
770,Rodney Clark,user770@example.com,917-287-5128x31159
771,Jonathan Bishop,user771@example.com,839-880-2399
772,Holly Morrison,user772@example.com,+1-648-860-4115x255
773,Danielle Roberson,user773@example.com,401.479.2519
774,Bruce Sanchez,user774@example.com,229-805-2432x5583
775,Jennifer Hines,user775@example.com,+1-811-627-1518
776,Ronnie Cobb,user776@example.com,657-808-3281x4562
777,John Faulkner,user777@example.com,(491)770-3946
778,Laurie Smith,user778@example.com,001-689-359-3837x4757
779,Erica Davis,user779@example.com,732-521-9839x333
780,Heather Gutierrez,user780@example.com,365-434-0526x73368
781,Kenneth Daniel,user781@example.com,414-254-3470x068
782,Anthony Walker,user782@example.com,421-730-5848x0269
783,James Allen,user783@example.com,639.356.6491x36617
784,David Boone,user784@example.com,6806766914
785,Carolyn Clements,user785@example.com,(259)836-1575
786,Mr. Joseph Gould Jr.,user786@example.com,(933)778-2387x27319
787,Stacy Spencer,user787@example.com,+1-653-920-8555
788,Abigail Jacobs,user788@example.com,488-651-5580x7217
789,Dennis Hill,user789@example.com,519.550.8835
790,Alejandro Ford,user790@example.com,(282)816-1931x503
791,Paula Hayes,user791@example.com,949.719.4324
792,Todd Newman,user792@example.com,6389491843
793,Robert House,user793@example.com,460.636.1891x414
794,Tina Kennedy,user794@example.com,(549)559-4141
795,Jacqueline Allen,user795@example.com,001-721-441-1648x29249
796,Tina Yang,user796@example.com,219-597-2116
797,Andrew Rodgers,user797@example.com,(954)624-8868x93321
798,Isaac Martinez,user798@example.com,(773)988-1385
799,Valerie Cole,user799@example.com,(958)652-6854
800,Alan Gilmore,user800@example.com,(846)615-7727
801,Johnny Harrison,user801@example.com,794.262.7944x950
802,Shannon Baldwin,user802@example.com,001-816-229-2007x248
803,Sarah Thomas,user803@example.com,827.245.3588x11932
804,Gavin Carter,user804@example.com,977-338-5941
805,Samantha Grant,user805@example.com,422-266-4434x56498
806,Molly Foster,user806@example.com,685.992.0310x4482
807,Corey Stafford,user807@example.com,529.988.1949x674
808,Michael Clark,user808@example.com,386-914-1977x290
809,Jill Dixon,user809@example.com,8346453735
810,Jamie Daniels,user810@example.com,+1-492-494-7625
811,Cassandra Chapman,user811@example.com,876.586.9078x91320
812,Jeffrey Edwards,user812@example.com,903.220.0071x3030
813,Todd Alvarez,user813@example.com,+1-424-626-3872x8452
814,Jill Mann,user814@example.com,698.253.1442x122
815,Blake Ward,user815@example.com,001-774-945-2311x96586
816,Marcus Proctor MD,user816@example.com,001-966-301-9682x777
817,Louis Wilson,user817@example.com,001-453-790-1617x05641
818,Zachary Howard,user818@example.com,001-704-312-4521x70890
819,Pamela Griffin,user819@example.com,781-788-0255x7462
820,Stephen Small,user820@example.com,+1-914-287-5075x723
821,Michelle Farley,user821@example.com,+1-949-827-6356x842
822,Kimberly Frank,user822@example.com,557.617.6569x9833
823,Michael Williams,user823@example.com,+1-415-290-1847x4979
824,Amanda Ray,user824@example.com,001-311-600-2489
825,Ryan Carter,user825@example.com,+1-854-355-2032
826,Adam Brooks,user826@example.com,(855)584-2868x666
827,Paul Wells,user827@example.com,+1-435-343-0958
828,Katrina Stephens,user828@example.com,+1-967-835-9274
829,Jennifer Noble,user829@example.com,546.537.3336x42313
830,Anthony Duncan,user830@example.com,(650)305-1930x81650
831,Katherine Burton,user831@example.com,9224969095
832,James Barrett,user832@example.com,001-304-469-8966x623
833,Daniel Osborn,user833@example.com,922.639.8603x4354
834,Steve Henderson,user834@example.com,(951)463-8272
835,David Allen,user835@example.com,(239)224-0926x39130
836,Kathryn Howard,user836@example.com,(459)426-3205x259
837,Heather Beck,user837@example.com,320-414-5599
838,Eddie Clarke,user838@example.com,(896)352-4742x4783
839,Carla Palmer,user839@example.com,988-719-3796x22459
840,Mia Scott,user840@example.com,+1-769-714-9926x828
841,William Gardner,user841@example.com,+1-215-708-2670x5079
842,Alexis Garza,user842@example.com,811-743-8079
843,Ruben Harris,user843@example.com,465.693.8514x0509
844,Andrea Miller,user844@example.com,+1-216-905-6494x20890
845,Samantha Miller,user845@example.com,(401)933-5482x7059
846,Eric Morris,user846@example.com,001-262-920-2230x793
847,Nathan Evans,user847@example.com,(819)348-0853x296
848,Marie Raymond,user848@example.com,(717)521-0099x354
849,Paul Watts,user849@example.com,904-265-3974x837
850,Tiffany Davis,user850@example.com,001-450-973-6826x99893
851,Margaret Villanueva,user851@example.com,566-789-5861x6885
852,Vanessa Murphy,user852@example.com,9962967897
853,Rickey Rodriguez,user853@example.com,379.393.0249
854,Laura Fisher,user854@example.com,904.951.5881x1227
855,Jose Nichols,user855@example.com,(875)231-5913
856,Ms. Natasha Jones,user856@example.com,(323)767-7359x5964
857,Rachel Smith,user857@example.com,243-695-1749x88126
858,Debra Parker,user858@example.com,(633)349-1911x9318
859,Victoria Brown,user859@example.com,(677)763-3483
860,Paul Hunter PhD,user860@example.com,001-840-466-6359
861,Katie Nichols,user861@example.com,782-888-5882x5196
862,Abigail Matthews,user862@example.com,696.327.1829x257
863,Colleen Parker DDS,user863@example.com,(411)842-3239
864,Renee Greene MD,user864@example.com,001-243-610-5187x057
865,Julia White,user865@example.com,296.459.0575
866,Cynthia Woods,user866@example.com,(976)422-6607
867,Melissa Smith DDS,user867@example.com,+1-666-449-4159x74599
868,Lauren Jones,user868@example.com,001-301-326-5790
869,Tina Martinez,user869@example.com,+1-624-340-1474x2113
870,Megan Manning,user870@example.com,(611)216-1348
871,Mark Petty,user871@example.com,+1-366-877-9232x34916
872,Nicholas Hernandez,user872@example.com,+1-779-579-3455
873,Tara Richards,user873@example.com,258-732-4364x66591
874,Eric Mcdowell,user874@example.com,001-692-844-5256x06211
875,Zachary Small,user875@example.com,419.286.9927
876,Jordan Fritz,user876@example.com,334-931-7316x00315
877,Jennifer Curtis,user877@example.com,349.988.7823x6375
878,George Torres,user878@example.com,(288)583-9682x64413
879,Christopher Nolan,user879@example.com,470-560-2580
880,Kristin Nguyen,user880@example.com,+1-500-979-2463x932
881,Emily Vincent,user881@example.com,663-302-4907x9225
882,Ricky Evans,user882@example.com,+1-384-238-8451x917
883,Austin Pace,user883@example.com,256-271-7164x826
884,Daniel Gray,user884@example.com,873.863.3178x86895
885,Michael Fischer,user885@example.com,001-533-252-2541x604
886,Christina Long,user886@example.com,487-528-4260
887,Jessica White,user887@example.com,996-242-1234
888,David Ho,user888@example.com,001-640-398-2369x37656
889,Anna Trujillo,user889@example.com,(395)883-6336
890,Thomas Martinez,user890@example.com,820.261.1045x188
891,Brian Johnson,user891@example.com,488-381-8928x0748
892,Crystal Schultz,user892@example.com,3799453075
893,Calvin Russell,user893@example.com,+1-379-521-0281x0353
894,April Arnold,user894@example.com,642.980.7653
895,Eric Brown,user895@example.com,(379)498-1776
896,Andrew Scott,user896@example.com,5546197438
897,Ruth Allen,user897@example.com,001-520-225-6669x1525
898,Amanda Wilson,user898@example.com,001-972-680-9245x1080
899,Paul Torres,user899@example.com,+1-859-437-4195x40883
900,Joy Watkins,user900@example.com,504-334-6662
901,Destiny Hobbs,user901@example.com,620-799-8336x417
902,Devin Rios,user902@example.com,338-386-5706x2226
903,Amy Perry,user903@example.com,+1-883-336-7622x133
904,Joel Martin,user904@example.com,(439)923-9302
905,Benjamin Marshall,user905@example.com,960-717-2460x936
906,Cindy White,user906@example.com,2594369592
907,Paul Cook,user907@example.com,320-272-1136
908,Vincent Green,user908@example.com,+1-907-807-1153x07459
909,Tracie Ballard,user909@example.com,+1-640-326-4529x9870
910,Micheal Waller,user910@example.com,478.356.1747x18985
911,Bill Johnson,user911@example.com,+1-483-584-1128x79030
912,Christopher Mcclain,user912@example.com,(490)462-8437x4491
913,Mackenzie Hays,user913@example.com,(729)409-5037x2029
914,Jackie Garcia,user914@example.com,465-511-7325x13848
915,Mrs. Kara Mason,user915@example.com,001-607-440-7049x95665
916,David Smith,user916@example.com,+1-492-410-6098
917,Travis Smith,user917@example.com,583.533.5354x5485
918,Megan Davis,user918@example.com,572.838.9540
919,Gary Parker,user919@example.com,507-244-7169
920,Lisa Sexton,user920@example.com,974-524-6227x0958
921,Jacqueline Johnson,user921@example.com,667.768.1916x3675
922,Sharon Wilson,user922@example.com,(934)217-9647
923,Jesse Kelly,user923@example.com,832.554.7176x1038
924,Michael Doyle,user924@example.com,321-683-0898
925,John Hunt,user925@example.com,631.731.4529x33902
926,Michael Thomas,user926@example.com,+1-841-223-5400x04519
927,Isaiah Bernard,user927@example.com,001-647-476-4680x028
928,John Garner,user928@example.com,+1-346-343-9025x998
929,Zachary Hubbard,user929@example.com,001-809-235-0017x29701
930,Lee Clark,user930@example.com,488.634.0115x27183
931,Ronald Bullock,user931@example.com,638.500.8531x83981
932,Jared Pham,user932@example.com,(465)730-2089
933,Brian Morrow,user933@example.com,416.544.0406x609
934,Benjamin Sanchez,user934@example.com,676.242.5546x7280
935,David Morris,user935@example.com,5372741067
936,David Rivera,user936@example.com,+1-445-339-2570x8035
937,Timothy Archer,user937@example.com,386-937-8947x812
938,Pamela Harris,user938@example.com,+1-232-713-6696x9109
939,Matthew Henry,user939@example.com,+1-342-671-1467x029
940,Edward Schmitt,user940@example.com,436.282.2655
941,Mary Nichols,user941@example.com,911.394.0222x418
942,Michele Herrera,user942@example.com,001-841-470-6657x47210
943,Daniel Cole,user943@example.com,(281)573-2106x2467
944,Derrick Smith,user944@example.com,3806188808
945,Christine Carr,user945@example.com,496-781-2732x34156
946,Robert Stone,user946@example.com,523-553-6806
947,Diane Cruz,user947@example.com,001-958-542-9743
948,Thomas Jackson,user948@example.com,6614788586
949,Amy Greer,user949@example.com,366.419.0984x46050
950,Elizabeth Murphy PhD,user950@example.com,001-793-901-1029
951,Elizabeth Meza,user951@example.com,909-835-7414x2864
952,Wayne Lynch,user952@example.com,+1-780-850-8443
953,Kenneth Krause,user953@example.com,+1-388-928-7160
954,Oscar Bell,user954@example.com,928-597-0777x2751
955,Jessica Roberts,user955@example.com,+1-542-448-0059
956,Sean Mitchell,user956@example.com,986-269-6440x37271
957,Elizabeth Harrison,user957@example.com,474.705.7212x1347
958,Tonya Jordan,user958@example.com,(332)502-2848x592
959,Lori Parks,user959@example.com,941-836-9504x17437
960,Madeline Long,user960@example.com,001-662-818-6138x280
961,Kayla Thompson,user961@example.com,(388)627-6988
962,Travis Tate,user962@example.com,(305)638-5106x87728
963,Carol Garcia,user963@example.com,821.651.2039
964,Lauren Jackson,user964@example.com,556-563-7988
965,Melody Johnson,user965@example.com,976.805.1989x945
966,Laura Thomas,user966@example.com,(605)326-0769
967,Patty Fuller,user967@example.com,+1-210-738-2655x28218
968,Julie Schneider,user968@example.com,723.464.3067
969,Katherine Nicholson,user969@example.com,+1-879-856-7827x0642
970,Maria Hall,user970@example.com,001-841-450-7892
971,Mary Hensley,user971@example.com,268.479.6249x0704
972,David Williams,user972@example.com,(695)772-1255x860
973,Antonio Figueroa,user973@example.com,(394)972-5973
974,Paige Thomas,user974@example.com,001-470-919-1864x846
975,Richard Mccoy,user975@example.com,251-370-7575x226
976,Christopher Koch,user976@example.com,001-368-803-0324
977,William Martinez,user977@example.com,4973189034
978,Jesus Williams,user978@example.com,845-445-7012x72786
979,Justin Clark,user979@example.com,876.643.8227x48061
980,Holly Gross,user980@example.com,(328)482-0401x157
981,Marilyn Hughes,user981@example.com,361.991.1432x349
982,Kelly Glenn,user982@example.com,811-354-1012x96980
983,Jessica Wyatt,user983@example.com,470-530-0626
984,Gerald Willis,user984@example.com,+1-503-664-4023x3543
985,Beth Daniel,user985@example.com,803.822.6861
986,Christina Burgess,user986@example.com,290-617-7360x99904
987,John Herrera,user987@example.com,(669)631-0976x331
988,Rodney Allen,user988@example.com,517.248.4395x1197
989,John Wagner,user989@example.com,001-581-478-9724x715
990,Casey Berry,user990@example.com,255-294-6811
991,Leslie Hall,user991@example.com,001-214-243-3549
992,Elizabeth Walters,user992@example.com,6696568419
993,Stacy George,user993@example.com,329.680.1976
994,Melissa King,user994@example.com,(683)845-7541
995,Kimberly Moon,user995@example.com,637-629-7056
996,Amanda Wright,user996@example.com,001-656-500-6530
997,Garrett Wallace,user997@example.com,+1-389-305-4776
998,John Jordan,user998@example.com,830-884-9052x846
999,Douglas Anderson,user999@example.com,001-665-370-4471x135
1000,Brianna Smith,user1000@example.com,607-898-6957x28582
1001,Sean Castillo,user1001@example.com,+1-650-709-9376
1002,Monica Peterson,user1002@example.com,+1-711-671-5699x6569
1003,Dustin Best,user1003@example.com,001-527-614-3460x57285
1004,Cassandra Chambers,user1004@example.com,001-665-653-5130x342
1005,Robert Garcia,user1005@example.com,517.525.7474x54587
1006,Kyle Sanders,user1006@example.com,670.798.3842
1007,Donna Mitchell,user1007@example.com,(966)517-0723
1008,John Johnston,user1008@example.com,001-683-476-5492
1009,Derek Taylor,user1009@example.com,902-674-6614x273
1010,Adam Larsen,user1010@example.com,299.658.2535x82964
1011,Rebecca Knox,user1011@example.com,299.869.2941
1012,Michael Cobb,user1012@example.com,615-553-0426
1013,Miguel Olson,user1013@example.com,955.774.4085x5247
1014,Douglas Zamora,user1014@example.com,624.251.1341x41425
1015,Danielle Meyer,user1015@example.com,001-935-761-0291x55348
1016,Mary Clayton,user1016@example.com,6696954311
1017,Matthew Brown,user1017@example.com,789-554-7571
1018,Julie Martinez,user1018@example.com,665.564.6614x50246
1019,Nancy Duncan,user1019@example.com,+1-660-528-8188
1020,Tammy Gray,user1020@example.com,(596)613-2797x5991
1021,Kendra Reed,user1021@example.com,(964)459-8571
1022,Sarah Tran,user1022@example.com,001-461-816-9284x76982
1023,Donald Harrison,user1023@example.com,001-940-710-5851
1024,Eric Booth,user1024@example.com,(621)540-2312
1025,Charles Jacobs,user1025@example.com,892.952.2844
1026,Monica Mcfarland,user1026@example.com,207-506-1886x245
1027,Susan Dawson,user1027@example.com,001-660-496-6713x5075
1028,Joseph Cox,user1028@example.com,(688)939-2547
1029,Robin Kelly,user1029@example.com,(987)263-4457
1030,Christopher Taylor,user1030@example.com,354-877-0685x4393
1031,Kathryn Spencer,user1031@example.com,+1-846-757-9489x4822
1032,William Odonnell,user1032@example.com,252-785-3657
1033,Charles Valencia,user1033@example.com,688.913.0227x698
1034,Amanda Zamora,user1034@example.com,(996)616-2985
1035,Lisa Clark,user1035@example.com,001-921-677-0411
1036,Jennifer Wise,user1036@example.com,(285)406-3520
1037,Anthony Lin,user1037@example.com,9349101869
1038,Angela Campbell,user1038@example.com,(227)644-0009x41323
1039,Tabitha Johnston,user1039@example.com,796-529-4850x61752
1040,Andrew Conrad,user1040@example.com,001-222-489-0800x294
1041,Jacob Herman,user1041@example.com,(657)525-1445
1042,Ashley Rodriguez,user1042@example.com,806.980.7927x136
1043,Tony Wilson,user1043@example.com,267-298-8549
1044,Alexander Sutton,user1044@example.com,5318207661
1045,Christopher Mills,user1045@example.com,(955)885-3971
1046,Jeffrey Tate,user1046@example.com,(301)285-8367
1047,Robert Molina,user1047@example.com,931.956.1213x854
1048,Gavin Smith,user1048@example.com,235-624-4907x5747
1049,Thomas Flowers,user1049@example.com,(409)690-4391x24291
1050,Tara Lawrence,user1050@example.com,+1-599-591-4117x86729
1051,Robert Lewis,user1051@example.com,9408976534
1052,Michael Simmons,user1052@example.com,(962)473-0823
1053,Eric Ayala,user1053@example.com,+1-253-547-4521x8009
1054,Louis Brewer,user1054@example.com,736-698-3937x2734
1055,Briana Mcguire,user1055@example.com,001-928-371-1300x317
1056,Rachel Meyers,user1056@example.com,541-350-8914
1057,Ross Marsh,user1057@example.com,001-692-686-3236x975
1058,Charles Young,user1058@example.com,304-410-6241
1059,Christopher Lopez,user1059@example.com,+1-931-255-6885x7855
1060,Pamela Hall,user1060@example.com,(506)990-0859x13384
1061,Tyler Martin,user1061@example.com,(468)778-6322x1622
1062,Christopher Chavez,user1062@example.com,001-760-207-9994
1063,Carmen Nicholson,user1063@example.com,001-378-630-7601x0624
1064,Mark Hardin,user1064@example.com,+1-667-734-3608x536
1065,Justin Bates,user1065@example.com,203-493-9839
1066,Shawn Sandoval,user1066@example.com,+1-958-458-1724x0261
1067,Brian Mccormick,user1067@example.com,+1-525-212-7281x922
1068,Jay Campbell,user1068@example.com,001-346-989-4290x094
1069,Gregg Williams,user1069@example.com,374-808-9008x468
1070,Joel Benton,user1070@example.com,890.969.3559x73721
1071,Paige Johnson,user1071@example.com,+1-791-743-1064
1072,Amber Schultz,user1072@example.com,575-666-4598x091
1073,Bradley Mcdonald,user1073@example.com,415-574-8370x44535
1074,Robyn Hill,user1074@example.com,959-456-1103x8270
1075,Shawn Nelson,user1075@example.com,001-811-769-0912x0214
1076,Carl Smith,user1076@example.com,001-590-648-6570x40378
1077,Alexandra Jackson,user1077@example.com,+1-456-606-3033x08937
1078,Mark Ruiz,user1078@example.com,001-729-217-0847x20478
1079,Mario Simmons,user1079@example.com,402-759-7994
1080,Tonya Cain,user1080@example.com,803-803-5153
1081,Mr. Joseph Thomas,user1081@example.com,(241)321-7804x820
1082,Christopher Evans,user1082@example.com,598-403-7341
1083,Angela Montoya,user1083@example.com,001-417-728-1490x33018
1084,John Wyatt,user1084@example.com,001-547-645-3893x0286
1085,Jennifer Reid,user1085@example.com,+1-510-917-2387x470
1086,Linda Mendez,user1086@example.com,926-495-2485
1087,Mark Hamilton,user1087@example.com,907-926-9487x60702
1088,Paul Wood,user1088@example.com,835.275.3569x6219
1089,Bradley Villegas,user1089@example.com,(429)775-4802x21682
1090,Maria Wilson,user1090@example.com,971.701.5588x8953
1091,Bonnie Pierce,user1091@example.com,843.309.3715
1092,Jessica Duncan,user1092@example.com,778.850.2277x6605
1093,John French,user1093@example.com,9668605290
1094,Jeffrey Wyatt,user1094@example.com,864-631-9913x74568
1095,Marissa Bowen,user1095@example.com,001-868-622-9670x717
1096,Robert Graham,user1096@example.com,988.911.4540x46235
1097,Jennifer Henderson,user1097@example.com,001-554-541-7367x266
1098,Nicole Palmer,user1098@example.com,001-683-789-3319x0303
1099,Sara Hughes,user1099@example.com,524.866.7855
1100,Christopher Little,user1100@example.com,272.707.3549x0595
1101,Amber Meza,user1101@example.com,+1-528-668-2403x8433
1102,Maria Soto,user1102@example.com,(885)588-7038x483
1103,Lisa Baker,user1103@example.com,677-567-1874x99993
1104,Tracey Orozco,user1104@example.com,(507)219-8825x7454
1105,Angel Contreras,user1105@example.com,719.676.3471x382
1106,Dr. Michelle Cummings,user1106@example.com,970-366-3546x03440
1107,Heather Schultz,user1107@example.com,620-485-6827x35658
1108,Catherine Vaughn,user1108@example.com,001-718-248-0269x35133
1109,Yesenia Smith,user1109@example.com,001-788-929-2090x94642
1110,Jeffrey Young,user1110@example.com,681-647-7301x91871
1111,Mercedes Sanchez,user1111@example.com,962.434.9019x525
1112,Thomas Arnold,user1112@example.com,+1-671-326-8664
1113,Jasmine Merritt,user1113@example.com,001-253-527-3414x0565
1114,Norma Jackson,user1114@example.com,278-759-7569x776
1115,Marissa Larsen,user1115@example.com,727-537-5912x28772
1116,Travis Dennis,user1116@example.com,414.276.9998x66892
1117,Stephanie Waller,user1117@example.com,(889)681-2199
1118,Kevin Taylor,user1118@example.com,001-458-945-7969x893
1119,Caitlin Buckley,user1119@example.com,+1-341-945-5926
1120,Stephanie Moore,user1120@example.com,306-343-1041x410
1121,David Carr,user1121@example.com,8092598376
1122,Mrs. Gwendolyn Garrett DDS,user1122@example.com,001-358-911-4293x5705
1123,Laura Miller,user1123@example.com,(435)699-9777
1124,Jason Bailey,user1124@example.com,001-211-769-2382x59168
1125,April Chavez,user1125@example.com,+1-729-797-4001x29905
1126,Michael Day,user1126@example.com,001-695-401-0423
1127,Kathleen Payne,user1127@example.com,5914044843
1128,James Ross,user1128@example.com,(378)546-2337x644
1129,Yvonne Humphrey,user1129@example.com,(729)542-4929x7404
1130,Pamela Hart,user1130@example.com,906-728-0360
1131,Terry Dodson,user1131@example.com,+1-396-587-6844x74123
1132,Frank Mcdonald,user1132@example.com,(712)716-3454
1133,Paula Medina,user1133@example.com,+1-496-989-6340x79440
1134,Shane Peterson,user1134@example.com,600-412-2331x480
1135,Tammy Poole,user1135@example.com,(548)751-7564x733
1136,Trevor Bentley,user1136@example.com,001-889-541-0108
1137,Michael Scott,user1137@example.com,953.269.6646x2255
1138,Carol Herrera,user1138@example.com,618-275-1601
1139,Gregory Dudley,user1139@example.com,9792743139
1140,Christina Walsh,user1140@example.com,(529)520-2924x648
1141,Rebecca Pena,user1141@example.com,(601)771-7891x530
1142,Brandy Barrett,user1142@example.com,913.774.8599x584
1143,Robert Mann,user1143@example.com,933-501-0966x49246
1144,Lindsay Foster,user1144@example.com,(220)641-6355x52153
1145,William Lane,user1145@example.com,367.629.4752x610
1146,Ann Patrick,user1146@example.com,(660)642-9932
1147,Eric Stewart,user1147@example.com,+1-564-595-6752
1148,Dr. Kevin Peterson,user1148@example.com,519-569-3543x74912
1149,Ernest Massey,user1149@example.com,(382)896-2428
1150,Paul Morse,user1150@example.com,557.395.9652
1151,John Gardner,user1151@example.com,001-837-417-0836
1152,William Holmes,user1152@example.com,001-590-972-6817x599
1153,Cindy Christensen,user1153@example.com,950.923.4034
1154,Morgan Fisher,user1154@example.com,224-839-3097x7192
1155,Mary Acosta,user1155@example.com,919-604-0409x471
1156,Brian Herrera,user1156@example.com,6002985680
1157,Austin Schultz,user1157@example.com,(803)965-9308x9192
1158,Jamie Patterson,user1158@example.com,+1-725-304-9806x224
1159,Angela Welch MD,user1159@example.com,001-781-570-8657x54898
1160,Renee Lee,user1160@example.com,2925928580
1161,Paul Cohen,user1161@example.com,001-948-457-0160
1162,Sheila Jones,user1162@example.com,001-597-846-9534x009
1163,James Pace,user1163@example.com,461.707.3668
1164,Sara Potter,user1164@example.com,936.838.8105x411
1165,Patricia Smith,user1165@example.com,+1-789-623-0594
1166,James Benson,user1166@example.com,(553)346-4921x5227
1167,Catherine Herrera,user1167@example.com,(441)704-5019
1168,Andrew Mack,user1168@example.com,001-693-765-9825
1169,Brian Dixon,user1169@example.com,971.377.2234x917
1170,Susan Palmer,user1170@example.com,(935)375-0635x136
1171,Hannah Johnson,user1171@example.com,+1-472-904-3018x0070
1172,Cheryl Yates,user1172@example.com,784.816.6688
1173,Gregory Macias,user1173@example.com,5952629348
1174,James Holt,user1174@example.com,208-614-0887
1175,Marie Watson,user1175@example.com,001-664-898-7719x935
1176,Morgan Estrada,user1176@example.com,518-601-8669x252
1177,Terri Collins,user1177@example.com,(330)758-8092
1178,Eric Munoz,user1178@example.com,580.539.6900x09576
1179,Brandon Brown,user1179@example.com,(727)798-9940
1180,Laura Johnston,user1180@example.com,9194580477
1181,Dr. Becky Jensen MD,user1181@example.com,854.846.5195
1182,Jennifer Stokes,user1182@example.com,300.956.0714x684
1183,Craig Bradford,user1183@example.com,240.831.4004x3799
1184,Laura Cruz,user1184@example.com,498-821-5187x112
1185,Gina Webb,user1185@example.com,(363)913-6812x322
1186,Cheryl Franklin,user1186@example.com,+1-696-284-2883x79540
1187,Sara Neal,user1187@example.com,853.257.1325
1188,Justin Hunt,user1188@example.com,724.350.3290x561
1189,Ashley Johnson,user1189@example.com,(536)983-9328x454
1190,Erin Love,user1190@example.com,001-510-728-1497x8229
1191,David Hansen,user1191@example.com,576.934.6058x539
1192,Amy Wise,user1192@example.com,(299)912-0865x546
1193,Shannon Foster,user1193@example.com,337-783-0893
1194,Catherine Baker,user1194@example.com,+1-782-599-9559x9950
1195,James Chan,user1195@example.com,562.944.1785
1196,Mr. Gerald Cunningham,user1196@example.com,560.984.6619x6603
1197,Valerie Sellers,user1197@example.com,397.319.6776
1198,Penny Conrad,user1198@example.com,8013438878
1199,Jill Schultz,user1199@example.com,270-250-8452x858
1200,Terry Rios,user1200@example.com,665.420.3407
1201,Megan Oneal,user1201@example.com,823.526.0894
1202,Anthony Holland,user1202@example.com,696.380.2355x625
1203,Brian Rogers,user1203@example.com,717-514-3087x68660
1204,Todd Richards,user1204@example.com,(597)673-3748
1205,David Anderson,user1205@example.com,543.242.9115x8320
1206,David Collins,user1206@example.com,378.262.1846
1207,Daniel Davidson,user1207@example.com,9809873941
1208,Emily Avila,user1208@example.com,877-367-9322
1209,Jason Dickerson,user1209@example.com,416.843.6617x2316
1210,Joshua Ross,user1210@example.com,(661)427-7037x0386
1211,Abigail Murray,user1211@example.com,542.302.1730x20641
1212,Sarah Bennett,user1212@example.com,(800)794-3609x934
1213,Travis Montgomery,user1213@example.com,(890)356-3408
1214,Cynthia Cole,user1214@example.com,(953)345-3329x474
1215,Jack Bush,user1215@example.com,(823)555-6764
1216,Rhonda Wall,user1216@example.com,001-922-302-0680
1217,Bobby Simpson,user1217@example.com,324-615-6289x686
1218,David Melton,user1218@example.com,001-710-788-0005
1219,John Turner,user1219@example.com,703.876.9429x3236
1220,Ryan Lawrence,user1220@example.com,991-790-9653
1221,James Cantu,user1221@example.com,001-776-611-7888
1222,Catherine Nelson,user1222@example.com,706.391.1198
1223,Michael Bryant,user1223@example.com,+1-237-240-4206x665
1224,Miss Maria Chavez MD,user1224@example.com,+1-976-220-6866x7469
1225,Theresa Garcia,user1225@example.com,974.731.4268x9857
1226,Lauren Lewis,user1226@example.com,911-932-0831x90111
1227,Leslie Ball,user1227@example.com,7246655241
1228,Kathy Wright,user1228@example.com,(221)750-2552
1229,Sheri Gross MD,user1229@example.com,+1-832-801-2407x0809
1230,Dr. Theresa Craig DDS,user1230@example.com,(294)242-9085x05221
1231,James Harris,user1231@example.com,320.691.7286x0681
1232,Vicki Davis,user1232@example.com,256.489.2110
1233,Diane Robinson,user1233@example.com,001-505-545-4873x7225
1234,Marc Meadows,user1234@example.com,+1-874-476-0212x0444
1235,Brandon Singh,user1235@example.com,8625166458
1236,Steven Taylor,user1236@example.com,(365)258-3875x06033
1237,Amanda Rodriguez,user1237@example.com,001-657-578-1640x83760
1238,Melinda Washington,user1238@example.com,2895550266
1239,Patrick Greer,user1239@example.com,+1-711-262-5641
1240,Lisa Hill,user1240@example.com,(583)919-8749
1241,Justin Smith,user1241@example.com,701-848-5765
1242,Daniel Cox,user1242@example.com,001-297-363-7606x6348
1243,Robert Barajas,user1243@example.com,+1-419-613-3839x6842
1244,Timothy Spencer,user1244@example.com,+1-467-905-1849x52846
1245,Logan Young,user1245@example.com,889.265.1606x262
1246,David Patterson,user1246@example.com,360-789-4195x0947
1247,Crystal Ward,user1247@example.com,2157280780
1248,Daniel Perez,user1248@example.com,858.946.5915
1249,Joseph Cooper,user1249@example.com,572.691.5626
1250,Kevin Johnson,user1250@example.com,001-206-761-3824x4169
